<?xml version="1.0"?>
<?xml-stylesheet type="text/xsl" href="result.xsl"?>
<ResultAnalysis>
<ResultAnalysis2010>

<Department> CSE
<Name> Computer Science </Name>
<TotalCount> 113 </TotalCount>
<PassCount> 88 </PassCount>
<PassPercentage> 77.87 </PassPercentage>
</Department>

<Department> AEI
<Name> Applied Electronics </Name>
<TotalCount> 58 </TotalCount>
<PassCount> 44 </PassCount>
<PassPercentage> 75.86 </PassPercentage>
</Department>

<Department> ECE
<Name> Electronics And Communication </Name>
<TotalCount> 114 </TotalCount>
<PassCount> 96 </PassCount>
<PassPercentage> 84.21 </PassPercentage>
</Department>

<Department> EEE
<Name> Electrical And Electronics </Name>
<TotalCount> 58 </TotalCount>
<PassCount> 39 </PassCount>
<PassPercentage> 67.24 </PassPercentage>
</Department>

<Department> IT
<Name> Information Technology </Name>
<TotalCount> 59 </TotalCount>
<PassCount> 48 </PassCount>
<PassPercentage> 81.36 </PassPercentage>
</Department>

</ResultAnalysis2010>
</ResultAnalysis>