<?xml version="1.0"?>
<?xml-stylesheet type="text/xsl" href="student.xsl"?>
<StudentRecords>
<Department> Computer Science
<Class> S7CSA

<Student>
<Name>Abey Alex</Name>
<RegNo>372561</RegNo>
<BirthYear>1990</BirthYear>
</Student>

<Student>
<Name>Basil Saju</Name>
<RegNo>372584</RegNo>
<BirthYear>1989</BirthYear>
</Student>

<Student>
<Name>Cyril Alex</Name>
<RegNo>372589</RegNo>
<BirthYear>1989</BirthYear>
</Student>

<Student>
<Name>Dona Mathew</Name>
<RegNo>372595</RegNo>
<BirthYear>1991</BirthYear>
</Student>

</Class>
</Department>
</StudentRecords>